{
  "parent": "item/generated",
  "textures": {
    "layer0": "item/crossbow_standby"
  },
  "overrides": [
    {
      "predicate": {
        "pulling": 1
      },
      "model": "item/crossbow_pulling_0"
    },
    {
      "predicate": {
        "pulling": 1,
        "pull": 0.58
      },
      "model": "item/crossbow_pulling_1"
    },
    {
      "predicate": {
        "pulling": 1,
        "pull": 1.0
      },
      "model": "item/crossbow_pulling_2"
    },
    {
      "predicate": {
        "charged": 1
      },
      "model": "item/crossbow_arrow"
    },
    {
      "predicate": {
        "charged": 1,
        "firework": 1
      },
      "model": "item/crossbow_firework"
    },
    {
      "predicate": {
        "custom_model_data": 1
      },
      "model": "fairyset:crossbow"
    },
    {
      "predicate": {
        "custom_model_data": 1,
        "pulling": 1
      },
      "model": "fairyset:crossbow_0"
    },
    {
      "predicate": {
        "custom_model_data": 1,
        "pulling": 1,
        "pull": 0.58
      },
      "model": "fairyset:crossbow_1"
    },
    {
      "predicate": {
        "custom_model_data": 1,
        "pulling": 1,
        "pull": 1.0
      },
      "model": "fairyset:crossbow_2"
    },
    {
      "predicate": {
        "custom_model_data": 1,
        "charged": 1
      },
      "model": "fairyset:crossbow_charged"
    },
    {
      "predicate": {
        "custom_model_data": 1,
        "charged": 1,
        "firework": 1
      },
      "model": "fairyset:crossbow_firework"
    }
  ]
}
