{
  "parent": "item/handheld",
  "textures": {
    "layer0": "item/iron_sword"
  },
  "overrides": [
    {
      "predicate": {
        "custom_model_data": 13750
      },
      "model": "fairyset:item/greatsword"
    },
    {
      "predicate": {
        "custom_model_data": 20608
      },
      "model": "fairyset:item/hammer"
    },
    {
      "predicate": {
        "custom_model_data": 45304
      },
      "model": "fairyset:item/trident"
    },
    {
      "predicate": {
        "custom_model_data": 45309
      },
      "model": "fairyset:item/sword"
    },
    {
      "predicate": {
        "custom_model_data": 48506
      },
      "model": "fairyset:item/staff"
    },
    {
      "predicate": {
        "custom_model_data": 52610
      },
      "model": "fairyset:item/scythe"
    },
    {
      "predicate": {
        "custom_model_data": 63969
      },
      "model": "fairyset:item/spear"
    }
  ]
}