{
  "parent": "item/handheld",
  "textures": {
    "layer0": "item/iron_sword"
  },
  "overrides": [
    {
      "predicate": {
        "custom_model_data": 1
      },
      "model": "fairyset:greatsword"
    },
    {
      "predicate": {
        "custom_model_data": 2
      },
      "model": "fairyset:hammer"
    },
    {
      "predicate": {
        "custom_model_data": 3
      },
      "model": "fairyset:scythe"
    },
    {
      "predicate": {
        "custom_model_data": 4
      },
      "model": "fairyset:spear"
    },
    {
      "predicate": {
        "custom_model_data": 5
      },
      "model": "fairyset:staff"
    },
    {
      "predicate": {
        "custom_model_data": 6
      },
      "model": "fairyset:sword"
    },
    {
      "predicate": {
        "custom_model_data": 7
      },
      "model": "fairyset:trident"
    }
  ]
}
