{
  "parent": "item/handheld",
  "textures": {
    "layer0": "item/iron_sword"
  },
  "overrides": [
    {
      "predicate": {
        "custom_model_data": 13750
      },
      "model": "fairyset:greatsword"
    },
    {
      "predicate": {
        "custom_model_data": 20608
      },
      "model": "fairyset:hammer"
    },
    {
      "predicate": {
        "custom_model_data": 45304
      },
      "model": "fairyset:trident"
    },
    {
      "predicate": {
        "custom_model_data": 45309
      },
      "model": "fairyset:sword"
    },
    {
      "predicate": {
        "custom_model_data": 48506
      },
      "model": "fairyset:staff"
    },
    {
      "predicate": {
        "custom_model_data": 52610
      },
      "model": "fairyset:scythe"
    },
    {
      "predicate": {
        "custom_model_data": 63969
      },
      "model": "fairyset:spear"
    }
  ]
}