{
  "parent": "item/handheld",
  "textures": {
    "layer0": "item/iron_sword"
  },
  "overrides": [
    {
      "predicate": {
        "custom_model_data": 53750
      },
      "model": "fairyset:greatsword"
    },
    {
      "predicate": {
        "custom_model_data": 60608
      },
      "model": "fairyset:hammer"
    },
    {
      "predicate": {
        "custom_model_data": 85304
      },
      "model": "fairyset:trident"
    },
    {
      "predicate": {
        "custom_model_data": 85309
      },
      "model": "fairyset:sword"
    },
    {
      "predicate": {
        "custom_model_data": 88506
      },
      "model": "fairyset:staff"
    },
    {
      "predicate": {
        "custom_model_data": 92610
      },
      "model": "fairyset:scythe"
    },
    {
      "predicate": {
        "custom_model_data": 103969
      },
      "model": "fairyset:spear"
    }
  ]
}