{
  "parent": "item/handheld",
  "textures": {
    "layer0": "item/iron_sword"
  },
  "overrides": [
    {
      "predicate": {
        "custom_model_data": 50005
      },
      "model": "fairyset:item/greatsword"
    },
    {
      "predicate": {
        "custom_model_data": 50006
      },
      "model": "fairyset:item/hammer"
    },
    {
      "predicate": {
        "custom_model_data": 50010
      },
      "model": "fairyset:item/scythe"
    },
    {
      "predicate": {
        "custom_model_data": 50013
      },
      "model": "fairyset:item/spear"
    },
    {
      "predicate": {
        "custom_model_data": 50014
      },
      "model": "fairyset:item/staff"
    },
    {
      "predicate": {
        "custom_model_data": 50015
      },
      "model": "fairyset:item/sword"
    },
    {
      "predicate": {
        "custom_model_data": 50016
      },
      "model": "fairyset:item/trident"
    }
  ]
}